{
  "config": {
    "model_id": "robotics-diffusion-transformer/rdt-1b",
    "dtype": "fp16",
    "steps": 10,
    "action_dim": 14,
    "action_horizon": 64
  },
  "load_ms": 8123.94960410893,
  "model_memory_mb": 0.0,
  "dummy_single_forward": {
    "mean_ms": 8.855103119276464,
    "median_ms": 8.875089697539806,
    "std_ms": 0.24379984986580533,
    "min_ms": 8.429985027760267,
    "max_ms": 9.310032706707716,
    "samples": [
      8.725425228476524,
      8.851227816194296,
      8.882196620106697,
      9.004469029605389,
      9.063841309398413,
      9.05125169083476,
      9.310032706707716,
      9.228142909705639,
      9.054061956703663,
      8.854768704622984,
      8.944015949964523,
      8.931671269237995,
      8.924335241317749,
      8.823903743177652,
      8.867982774972916,
      8.648272603750229,
      8.558330591768026,
      8.429985027760267,
      8.468715939670801,
      8.47943127155304
    ]
  },
  "dummy_denoise_loop": {
    "mean_ms": 88.10446434654295,
    "median_ms": 87.63254340738058,
    "std_ms": 2.2754079287207274,
    "min_ms": 84.8334738984704,
    "max_ms": 91.6561083868146,
    "samples": [
      85.40933905169368,
      84.8334738984704,
      86.79337799549103,
      89.02570884674788,
      90.89443506672978,
      91.22273838147521,
      89.08503409475088,
      88.95471319556236,
      87.60866476222873,
      86.69717703014612,
      86.24421199783683,
      91.6561083868146,
      90.98635287955403,
      91.2283849902451,
      89.7909440100193,
      86.83860395103693,
      87.65642205253243,
      85.6931721791625,
      86.28104394301772,
      85.18938021734357
    ]
  },
  "per_step_ms": 8.810446434654295,
  "peak_memory_mb": 33.836544
}